<?xml version="1.0" encoding="UTF-8"?>
<beans xmlns="http://www.springframework.org/schema/beans"
	xmlns:xsi="http://www.w3.org/2001/XMLSchema-instance" xmlns:p="http://www.springframework.org/schema/p"
	xmlns:context="http://www.springframework.org/schema/context"
	xmlns:mvc="http://www.springframework.org/schema/mvc"
	xmlns:tx="http://www.springframework.org/schema/tx"
	xsi:schemaLocation="http://www.springframework.org/schema/beans
        http://www.springframework.org/schema/beans/spring-beans-3.2.xsd
        http://www.springframework.org/schema/context
        http://www.springframework.org/schema/context/spring-context-3.2.xsd
        http://www.springframework.org/schema/mvc
        http://www.springframework.org/schema/mvc/spring-mvc-3.2.xsd
        http://www.springframework.org/schema/tx
        http://www.springframework.org/schema/tx/spring-tx-4.0.xsd">

	<context:component-scan base-package="com.shoppingCart" />
	<mvc:annotation-driven />
	<context:property-placeholder location="classpath:database.properties"/>

		<tx:annotation-driven transaction-manager="hibernateTransactionManager" />

		<bean id="viewResolver"
			class="org.springframework.web.servlet.view.InternalResourceViewResolver">
			<property name="prefix" value="/WEB-INF/view/" />
			<property name="suffix" value=".html" />
		</bean>

		<bean class="org.springframework.jdbc.datasource.DriverManagerDataSource"
			id="dataSource">
			<property name="driverClassName" value="${database.driver}"></property>
			<property name="url" value="${database.url}"></property>
			<property name="username" value="${database.user}"></property>
			<property name="password" value="${database.password}"></property>
		</bean>

		<bean
			class="org.springframework.orm.hibernate5.LocalSessionFactoryBean"
			id="sessionFactory">
			<property name="dataSource" ref="dataSource"></property>
			<property name="annotatedClasses">
				<list>
					<value>com.org</value>
				</list>
			</property>
			<property name="hibernateProperties">
				<props>
					<prop key="hibernate.dialect">${hibernate.dialect}</prop>
					<prop key="hibernate.show_sql">${hibernate.show_sql}</prop>
					<prop key="hibernate.hbm2ddl.auto">${hibernate.hbm2ddl.auto}  </prop>
				</props>
			</property>
		</bean>

		<bean class="org.springframework.orm.hibernate5.HibernateTransactionManager"
			id="hibernateTransactionManager">
			<property name="sessionFactory" ref="sessionFactory"></property>
		</bean>
		
		<bean id="messageSource"
        class="org.springframework.context.support.ReloadableResourceBundleMessageSource">
        <property name="basename" value="classpath:messages" />
        <property name="defaultEncoding" value="UTF-8" />
    </bean>
    
    <bean id="localeResolver"
        class="org.springframework.web.servlet.i18n.SessionLocaleResolver">
        <property name="defaultLocale" value="en" />
    </bean>
 
    <mvc:interceptors>
        <bean id="localeChangeInterceptor"
            class="org.springframework.web.servlet.i18n.LocaleChangeInterceptor">
            <property name="paramName" value="language" />
        </bean>
    </mvc:interceptors>

</beans>